member,下載,規格書
@CHECK,已下載,
@CHECKY,已下載,
@CHKYM,已下載,
APR091#,已下載,
ARA01#,已下載,
ARA05#,已下載,
ARI01#,已下載,
BMA003#,已下載,
FIA210#,已下載,
FIA210@,已下載,
FIS05$@,已下載,
FIS05#,已下載,
FIS210#,已下載,
GRID2,已下載,
GRPGM,已下載,
PTB854,已下載,
PX,已下載,
PXEDTLF,已下載,
PYA040#,已下載,
PYA040@,已下載,
PYR221#,已下載,
PYR222#,已下載,
P01,已下載,
P02,已下載,
P03,已下載,
P04,已下載,
P06,已下載,
P07,已下載,
P08,已下載,
P09,已下載,
P20,已下載,
P21,已下載,
P21U1,已下載,
P22,已下載,
P30,已下載,
P30A,已下載,
P30B,已下載,
P30BX,已下載,
P30TEST,已下載,
P30Y,已下載,
P31,已下載,
P31A,已下載,
P31V,已下載,
P32,已下載,
P33,已下載,
P34,已下載,
P35,已下載,
P36,已下載,
P37,已下載,
P38,已下載,
P39,已下載,
P40,已下載,
P41,已下載,
P45,已下載,
P46,已下載,
P47,已下載,
P51,已下載,
P51R,已下載,
P53,已下載,
P53R,已下載,
P58,已下載,
P60,已下載,
P65,已下載,
P67,已下載,
P76,已下載,
P77,已下載,
P78,已下載,
P79,已下載,
P82,已下載,
P83,已下載,
R@A001,已下載,
R@A002,已下載,
R@R0031,已下載,
R@R0032,已下載,
R@S001,已下載,
R@S002,已下載,
R@S007,已下載,
S@A01,已下載,
S@A04,已下載,
S@A05,已下載,
S@A12,已下載,
S@A14,已下載,
S@R061,已下載,
S@R062,已下載,
S@R071,已下載,
S@R072,已下載,
S@R08X,已下載,
TESTP21,已下載,
XGENDSPF#1,已下載,
